skillscore,skillscore.sd,var
-0.122039832253503,0.00914565687216774,wupper_q
0.130684138305412,0.0133575259032778,surftemp
0.579719877423754,0.0140288107915471,bottemp
